frame,Ankle.R_x,Ankle.R_y,Ankle.R_z,Knee.R_x,Knee.R_y,Knee.R_z,Hip.R_x,Hip.R_y,Hip.R_z,Hip.L_x,Hip.L_y,Hip.L_z,Knee.L_x,Knee.L_y,Knee.L_z,Ankle.L_x,Ankle.L_y,Ankle.L_z,Wrist.R_x,Wrist.R_y,Wrist.R_z,Elbow.R_x,Elbow.R_y,Elbow.R_z,Shoulder.R_x,Shoulder.R_y,Shoulder.R_z,Shoulder.L_x,Shoulder.L_y,Shoulder.L_z,Elbow.L_x,Elbow.L_y,Elbow.L_z,Wrist.L_x,Wrist.L_y,Wrist.L_z,Neck_x,Neck_y,Neck_z,Head_x,Head_y,Head_z,Nose_x,Nose_y,Nose_z,Eye.L_x,Eye.L_y,Eye.L_z,Eye.R_x,Eye.R_y,Eye.R_z,Ear.L_x,Ear.L_y,Ear.L_z,Ear.R_x,Ear.R_y,Ear.R_z,hip.Center_x,hip.Center_y,hip.Center_z
0,-0.14809452,0.017449144,-0.0573169,-0.1597044,0.11499268,0.35226113,-0.14074817,0.2788442,-0.056863546,0.13764311,0.2606959,-0.04367576,0.10720476,0.07749323,0.35139102,0.072401315,-0.06960126,-0.05208467,-0.20166326,0.539215,0.07449194,-0.36496022,0.54930425,-0.13570346,-0.13755915,0.7310165,-0.06048244,0.18964164,0.6990257,-0.02904484,0.36319596,0.44981027,-0.04027542,0.27431452,0.5573345,0.1815881,0.019705232,0.7741702,-0.018838793,-0.046125937,0.97898054,0.028450347,-0.103385225,0.85259247,0.10916212,-0.069948874,0.906573,0.11265327,-0.11174911,0.8932997,0.060578704,0.033115346,0.92286265,0.08267081,-0.06263612,0.8969086,-0.035478566,-0.0015525296330451965,0.2697700560092926,-0.050269655883312225
