frame,Ankle.R_x,Ankle.R_y,Ankle.R_z,Knee.R_x,Knee.R_y,Knee.R_z,Hip.R_x,Hip.R_y,Hip.R_z,Hip.L_x,Hip.L_y,Hip.L_z,Knee.L_x,Knee.L_y,Knee.L_z,Ankle.L_x,Ankle.L_y,Ankle.L_z,Wrist.R_x,Wrist.R_y,Wrist.R_z,Elbow.R_x,Elbow.R_y,Elbow.R_z,Shoulder.R_x,Shoulder.R_y,Shoulder.R_z,Shoulder.L_x,Shoulder.L_y,Shoulder.L_z,Elbow.L_x,Elbow.L_y,Elbow.L_z,Wrist.L_x,Wrist.L_y,Wrist.L_z,Neck_x,Neck_y,Neck_z,Head_x,Head_y,Head_z,Nose_x,Nose_y,Nose_z,Eye.L_x,Eye.L_y,Eye.L_z,Eye.R_x,Eye.R_y,Eye.R_z,Ear.L_x,Ear.L_y,Ear.L_z,Ear.R_x,Ear.R_y,Ear.R_z,hip.Center_x,hip.Center_y,hip.Center_z
0,-0.51803297,0.1989574,0.51740265,-0.20905426,0.35686094,0.27304268,-0.107832685,0.30789536,-0.01796165,0.118838586,0.21937206,-0.05132882,0.099570036,-0.17422973,-0.093363434,-0.05069139,-0.4531827,-0.41065004,-0.5364603,0.7991107,0.15302399,-0.34504503,0.7236787,-0.0014909683,-0.062491875,0.7123451,0.018116329,0.22192873,0.6921272,0.010015323,0.44626993,0.5325266,0.026897265,0.36862653,0.6127093,0.24562508,0.06633961,0.7420535,0.040167667,-0.01408065,0.9280907,0.08525723,-0.084670104,0.78958505,0.105541624,-0.06601526,0.8419098,0.13381852,-0.074508026,0.83891994,0.067741744,0.0341854,0.86615914,0.15807754,0.0088063255,0.8635289,0.013211563,0.0055029504001140594,0.26363372802734375,-0.03464523330330849
