frame,Ankle.R_x,Ankle.R_y,Ankle.R_z,Knee.R_x,Knee.R_y,Knee.R_z,Hip.R_x,Hip.R_y,Hip.R_z,Hip.L_x,Hip.L_y,Hip.L_z,Knee.L_x,Knee.L_y,Knee.L_z,Ankle.L_x,Ankle.L_y,Ankle.L_z,Wrist.R_x,Wrist.R_y,Wrist.R_z,Elbow.R_x,Elbow.R_y,Elbow.R_z,Shoulder.R_x,Shoulder.R_y,Shoulder.R_z,Shoulder.L_x,Shoulder.L_y,Shoulder.L_z,Elbow.L_x,Elbow.L_y,Elbow.L_z,Wrist.L_x,Wrist.L_y,Wrist.L_z,Neck_x,Neck_y,Neck_z,Head_x,Head_y,Head_z,Nose_x,Nose_y,Nose_z,Eye.L_x,Eye.L_y,Eye.L_z,Eye.R_x,Eye.R_y,Eye.R_z,Ear.L_x,Ear.L_y,Ear.L_z,Ear.R_x,Ear.R_y,Ear.R_z,hip.Center_x,hip.Center_y,hip.Center_z
0,-0.15081003,-0.45241022,-0.31264904,-0.22801998,-0.099653676,-0.06427097,-0.08135949,0.3140098,-0.101922795,0.08217144,0.24756627,0.07265715,-0.10543637,-0.13848883,0.045287788,-0.16834739,-0.55071306,-0.09880153,-0.17310794,0.49687365,-0.027472604,-0.039608195,0.4939817,-0.24046935,-0.007960642,0.73069245,-0.08146879,0.17049417,0.6887689,0.16698217,0.23035708,0.40681264,0.19261605,-0.01714951,0.35968128,0.18454537,0.065060176,0.7840469,0.062326893,-0.021138694,1.0011274,0.080225,-0.099059105,0.8688488,0.10944066,-0.07507382,0.9219104,0.13428575,-0.08629183,0.91526896,0.06844254,0.026445586,0.94130003,0.15740217,-0.00025931187,0.9295843,0.009707645,0.00040597468614578247,0.28078803420066833,-0.014632821083068848
