frame,Ankle.R_x,Ankle.R_y,Ankle.R_z,Knee.R_x,Knee.R_y,Knee.R_z,Hip.R_x,Hip.R_y,Hip.R_z,Hip.L_x,Hip.L_y,Hip.L_z,Knee.L_x,Knee.L_y,Knee.L_z,Ankle.L_x,Ankle.L_y,Ankle.L_z,Wrist.R_x,Wrist.R_y,Wrist.R_z,Elbow.R_x,Elbow.R_y,Elbow.R_z,Shoulder.R_x,Shoulder.R_y,Shoulder.R_z,Shoulder.L_x,Shoulder.L_y,Shoulder.L_z,Elbow.L_x,Elbow.L_y,Elbow.L_z,Wrist.L_x,Wrist.L_y,Wrist.L_z,Neck_x,Neck_y,Neck_z,Head_x,Head_y,Head_z,Nose_x,Nose_y,Nose_z,Eye.L_x,Eye.L_y,Eye.L_z,Eye.R_x,Eye.R_y,Eye.R_z,Ear.L_x,Ear.L_y,Ear.L_z,Ear.R_x,Ear.R_y,Ear.R_z,hip.Center_x,hip.Center_y,hip.Center_z
0,0.30746073,-0.35280725,-0.0076298555,0.16746598,-0.04900211,-0.25021708,0.10421766,0.31090987,-0.061121434,-0.10235659,0.2856965,0.046018545,-0.31656358,-0.0044562044,-0.07751894,-0.3064104,-0.37946504,0.12236134,-0.20123327,0.5650683,-0.40009272,0.01659801,0.57432103,-0.270175,0.015597353,0.77605677,-0.09466158,-0.21226631,0.7167263,0.094423816,-0.31254625,0.46726635,0.058270335,-0.35650814,0.54648423,-0.17304453,-0.113465495,0.8117144,0.005517881,-0.2068882,1.0204324,0.024972443,-0.27041495,0.9027351,-0.05815402,-0.27152863,0.93673944,-0.004566781,-0.23920181,0.95878845,-0.059234686,-0.208831,0.9307326,0.079019755,-0.13116181,0.980908,-0.045014963,0.000930536538362503,0.29830318689346313,-0.007551444694399834
