frame,Ankle.R_x,Ankle.R_y,Ankle.R_z,Knee.R_x,Knee.R_y,Knee.R_z,Hip.R_x,Hip.R_y,Hip.R_z,Hip.L_x,Hip.L_y,Hip.L_z,Knee.L_x,Knee.L_y,Knee.L_z,Ankle.L_x,Ankle.L_y,Ankle.L_z,Wrist.R_x,Wrist.R_y,Wrist.R_z,Elbow.R_x,Elbow.R_y,Elbow.R_z,Shoulder.R_x,Shoulder.R_y,Shoulder.R_z,Shoulder.L_x,Shoulder.L_y,Shoulder.L_z,Elbow.L_x,Elbow.L_y,Elbow.L_z,Wrist.L_x,Wrist.L_y,Wrist.L_z,Neck_x,Neck_y,Neck_z,Head_x,Head_y,Head_z,Nose_x,Nose_y,Nose_z,Eye.L_x,Eye.L_y,Eye.L_z,Eye.R_x,Eye.R_y,Eye.R_z,Ear.L_x,Ear.L_y,Ear.L_z,Ear.R_x,Ear.R_y,Ear.R_z,hip.Center_x,hip.Center_y,hip.Center_z
0,0.36267698,-0.33497941,-0.039050076,0.19716883,-0.02561218,-0.24657097,0.10739069,0.30728075,-0.04903367,-0.10707337,0.28261086,0.036017127,-0.31739008,0.017744265,-0.10614894,-0.4083415,-0.3431428,0.0896322,-0.17150454,0.5488317,-0.42428777,0.02978608,0.56748044,-0.2757601,0.023321938,0.76197827,-0.09736078,-0.21838287,0.70778185,0.070280954,-0.32927287,0.46791756,0.026338957,-0.3600688,0.55729663,-0.19871736,-0.11167341,0.7999191,-0.007974978,-0.20115174,1.0072435,0.016554926,-0.26691765,0.8922945,-0.067366876,-0.2667335,0.9247285,-0.0133412685,-0.23630266,0.9481218,-0.06819634,-0.2019695,0.9170914,0.06700596,-0.12822747,0.9699477,-0.056910027,0.00015866011381149292,0.2949458062648773,-0.006508272141218185
