frame,Ankle.R_x,Ankle.R_y,Ankle.R_z,Knee.R_x,Knee.R_y,Knee.R_z,Hip.R_x,Hip.R_y,Hip.R_z,Hip.L_x,Hip.L_y,Hip.L_z,Knee.L_x,Knee.L_y,Knee.L_z,Ankle.L_x,Ankle.L_y,Ankle.L_z,Wrist.R_x,Wrist.R_y,Wrist.R_z,Elbow.R_x,Elbow.R_y,Elbow.R_z,Shoulder.R_x,Shoulder.R_y,Shoulder.R_z,Shoulder.L_x,Shoulder.L_y,Shoulder.L_z,Elbow.L_x,Elbow.L_y,Elbow.L_z,Wrist.L_x,Wrist.L_y,Wrist.L_z,Neck_x,Neck_y,Neck_z,Head_x,Head_y,Head_z,Nose_x,Nose_y,Nose_z,Eye.L_x,Eye.L_y,Eye.L_z,Eye.R_x,Eye.R_y,Eye.R_z,Ear.L_x,Ear.L_y,Ear.L_z,Ear.R_x,Ear.R_y,Ear.R_z,hip.Center_x,hip.Center_y,hip.Center_z
0,0.37802473,-0.40180615,-0.2549087,0.10526084,-0.09921579,-0.20657994,0.01074457,0.28578073,-0.12305272,-0.026103089,0.23085538,0.10126175,-0.24527524,-0.061861623,-0.016782632,-0.24068522,-0.45045573,-0.14832874,-0.20998901,0.47062874,-0.23537168,0.014654172,0.5078436,-0.29053956,-0.017545274,0.68362904,-0.10039089,-0.10996708,0.6585248,0.16394702,-0.18767428,0.41280043,0.23181659,-0.3497227,0.4253449,0.068716444,-0.07627921,0.73271406,0.029590491,-0.079342656,0.94179785,0.023166716,-0.21541418,0.8654497,0.018182995,-0.17894337,0.900044,0.05284445,-0.17568076,0.89966476,-0.0131718535,-0.09199077,0.87174046,0.09373731,-0.08175861,0.8711295,-0.049279034,-0.007679259404540062,0.25831806659698486,-0.010895486921072006
