frame,Ankle.R_x,Ankle.R_y,Ankle.R_z,Knee.R_x,Knee.R_y,Knee.R_z,Hip.R_x,Hip.R_y,Hip.R_z,Hip.L_x,Hip.L_y,Hip.L_z,Knee.L_x,Knee.L_y,Knee.L_z,Ankle.L_x,Ankle.L_y,Ankle.L_z,Wrist.R_x,Wrist.R_y,Wrist.R_z,Elbow.R_x,Elbow.R_y,Elbow.R_z,Shoulder.R_x,Shoulder.R_y,Shoulder.R_z,Shoulder.L_x,Shoulder.L_y,Shoulder.L_z,Elbow.L_x,Elbow.L_y,Elbow.L_z,Wrist.L_x,Wrist.L_y,Wrist.L_z,Neck_x,Neck_y,Neck_z,Head_x,Head_y,Head_z,Nose_x,Nose_y,Nose_z,Eye.L_x,Eye.L_y,Eye.L_z,Eye.R_x,Eye.R_y,Eye.R_z,Ear.L_x,Ear.L_y,Ear.L_z,Ear.R_x,Ear.R_y,Ear.R_z,hip.Center_x,hip.Center_y,hip.Center_z
0,-0.1303304,-0.5792637,0.06343459,-0.0424095,-0.16504455,0.10436334,-0.07371023,0.24592745,0.07518451,0.07516339,0.24880834,-0.10108215,0.13900857,-0.15313208,-0.09179258,0.16288376,-0.56341094,-0.21470895,0.21352752,0.6315644,0.24409,0.029264929,0.5069789,0.34170818,-0.030174945,0.6632224,0.14332701,0.113314606,0.6820142,-0.07332872,0.3181355,0.5389809,-0.15528286,0.33336782,0.59493035,0.07482158,0.04541608,0.716498,0.04110633,0.085309945,0.90732783,0.07638008,0.18288487,0.8003216,0.12103392,0.17310506,0.845461,0.08165263,0.14059137,0.8406872,0.13800496,0.11151095,0.84361374,0.0038708001,0.040739357,0.8346915,0.12651262,0.0007265768945217133,0.24736788868904114,-0.012948822230100632
