frame,Ankle.R_x,Ankle.R_y,Ankle.R_z,Knee.R_x,Knee.R_y,Knee.R_z,Hip.R_x,Hip.R_y,Hip.R_z,Hip.L_x,Hip.L_y,Hip.L_z,Knee.L_x,Knee.L_y,Knee.L_z,Ankle.L_x,Ankle.L_y,Ankle.L_z,Wrist.R_x,Wrist.R_y,Wrist.R_z,Elbow.R_x,Elbow.R_y,Elbow.R_z,Shoulder.R_x,Shoulder.R_y,Shoulder.R_z,Shoulder.L_x,Shoulder.L_y,Shoulder.L_z,Elbow.L_x,Elbow.L_y,Elbow.L_z,Wrist.L_x,Wrist.L_y,Wrist.L_z,Neck_x,Neck_y,Neck_z,Head_x,Head_y,Head_z,Nose_x,Nose_y,Nose_z,Eye.L_x,Eye.L_y,Eye.L_z,Eye.R_x,Eye.R_y,Eye.R_z,Ear.L_x,Ear.L_y,Ear.L_z,Ear.R_x,Ear.R_y,Ear.R_z,hip.Center_x,hip.Center_y,hip.Center_z
0,-0.179718,-0.43921015,-0.39224955,-0.20365614,-0.08772993,-0.13414639,-0.067567624,0.32086572,-0.113357276,0.06385254,0.25546214,0.08964281,-0.12951006,-0.12078264,0.025599804,-0.17620453,-0.5225776,-0.13720973,-0.17570248,0.50957704,-0.094344474,-0.024850406,0.5438202,-0.29201064,-0.0004887609,0.7610619,-0.108257756,0.1320639,0.7261969,0.1734063,0.11415655,0.45063794,0.24994038,-0.12896985,0.47567385,0.19366054,0.05284022,0.8166356,0.043357853,-0.009808474,1.0463731,0.050620824,-0.104053825,0.9242818,0.08904065,-0.071214624,0.97447354,0.1104679,-0.088368714,0.96793675,0.045426264,0.03412479,0.98178715,0.12615213,-0.003065642,0.96937823,-0.021545216,-0.0018575415015220642,0.2881639301776886,-0.011857233941555023
