frame,Ankle.R_x,Ankle.R_y,Ankle.R_z,Knee.R_x,Knee.R_y,Knee.R_z,Hip.R_x,Hip.R_y,Hip.R_z,Hip.L_x,Hip.L_y,Hip.L_z,Knee.L_x,Knee.L_y,Knee.L_z,Ankle.L_x,Ankle.L_y,Ankle.L_z,Wrist.R_x,Wrist.R_y,Wrist.R_z,Elbow.R_x,Elbow.R_y,Elbow.R_z,Shoulder.R_x,Shoulder.R_y,Shoulder.R_z,Shoulder.L_x,Shoulder.L_y,Shoulder.L_z,Elbow.L_x,Elbow.L_y,Elbow.L_z,Wrist.L_x,Wrist.L_y,Wrist.L_z,Neck_x,Neck_y,Neck_z,Head_x,Head_y,Head_z,Nose_x,Nose_y,Nose_z,Eye.L_x,Eye.L_y,Eye.L_z,Eye.R_x,Eye.R_y,Eye.R_z,Ear.L_x,Ear.L_y,Ear.L_z,Ear.R_x,Ear.R_y,Ear.R_z,hip.Center_x,hip.Center_y,hip.Center_z
0,-0.71795976,0.24892275,-0.08810313,-0.35827094,0.3962944,0.10975124,-0.0447315,0.30563873,-0.072217554,0.08567448,0.089195244,0.006123521,-0.1540403,0.13040505,0.3276103,-0.54340696,0.13041039,0.14976671,-0.21216662,0.33446687,0.24592867,-0.18283212,0.5496037,0.12846805,0.08689867,0.5632095,0.056727488,0.3446554,0.4589879,0.043809466,0.45064175,0.21229386,-0.026919484,0.30311754,0.25709176,0.15231852,0.21818799,0.54937553,0.06952939,0.22049278,0.7284143,0.12861848,0.17753594,0.61600894,0.22407812,0.21997237,0.6553831,0.21571366,0.15820447,0.6624505,0.19489032,0.28312415,0.65275264,0.13948211,0.15298378,0.6700482,0.09562299,0.020471489056944847,0.1974169909954071,-0.033047016710042953
