frame,Ankle.R_x,Ankle.R_y,Ankle.R_z,Knee.R_x,Knee.R_y,Knee.R_z,Hip.R_x,Hip.R_y,Hip.R_z,Hip.L_x,Hip.L_y,Hip.L_z,Knee.L_x,Knee.L_y,Knee.L_z,Ankle.L_x,Ankle.L_y,Ankle.L_z,Wrist.R_x,Wrist.R_y,Wrist.R_z,Elbow.R_x,Elbow.R_y,Elbow.R_z,Shoulder.R_x,Shoulder.R_y,Shoulder.R_z,Shoulder.L_x,Shoulder.L_y,Shoulder.L_z,Elbow.L_x,Elbow.L_y,Elbow.L_z,Wrist.L_x,Wrist.L_y,Wrist.L_z,Neck_x,Neck_y,Neck_z,Head_x,Head_y,Head_z,Nose_x,Nose_y,Nose_z,Eye.L_x,Eye.L_y,Eye.L_z,Eye.R_x,Eye.R_y,Eye.R_z,Ear.L_x,Ear.L_y,Ear.L_z,Ear.R_x,Ear.R_y,Ear.R_z,hip.Center_x,hip.Center_y,hip.Center_z
0,0.212914,-0.46432185,-1.6260892e-05,0.08687593,-0.11413593,-0.18323205,0.0972702,0.28636408,-0.07961224,-0.09256421,0.28672093,0.050909016,-0.2871077,-0.039164025,-0.029132832,-0.42806178,-0.41355404,0.10726484,-0.43819842,0.5996385,-0.3095041,-0.18382889,0.63992584,-0.26888144,0.006431534,0.7543737,-0.15509522,-0.15047903,0.7513135,0.061040275,-0.37627053,0.62254286,0.04556178,-0.56847817,0.60315365,-0.12464444,-0.065069154,0.80410486,-0.04352381,-0.09974419,1.015629,-0.016024424,-0.21237972,0.92088443,-0.069262594,-0.18905011,0.952795,-0.020269457,-0.1706499,0.96672213,-0.08294145,-0.107991606,0.93025655,0.04056473,-0.061980214,0.960092,-0.10209881,0.0023529939353466034,0.28654250502586365,-0.014351611956954002
