frame,Ankle.R_x,Ankle.R_y,Ankle.R_z,Knee.R_x,Knee.R_y,Knee.R_z,Hip.R_x,Hip.R_y,Hip.R_z,Hip.L_x,Hip.L_y,Hip.L_z,Knee.L_x,Knee.L_y,Knee.L_z,Ankle.L_x,Ankle.L_y,Ankle.L_z,Wrist.R_x,Wrist.R_y,Wrist.R_z,Elbow.R_x,Elbow.R_y,Elbow.R_z,Shoulder.R_x,Shoulder.R_y,Shoulder.R_z,Shoulder.L_x,Shoulder.L_y,Shoulder.L_z,Elbow.L_x,Elbow.L_y,Elbow.L_z,Wrist.L_x,Wrist.L_y,Wrist.L_z,Neck_x,Neck_y,Neck_z,Head_x,Head_y,Head_z,Nose_x,Nose_y,Nose_z,Eye.L_x,Eye.L_y,Eye.L_z,Eye.R_x,Eye.R_y,Eye.R_z,Ear.L_x,Ear.L_y,Ear.L_z,Ear.R_x,Ear.R_y,Ear.R_z,hip.Center_x,hip.Center_y,hip.Center_z
0,-0.6452193,0.3462995,0.30657735,-0.21144098,0.4074197,0.25083828,-0.10743308,0.3002891,-0.033784486,0.123703256,0.19731991,-0.054607503,0.19518733,-0.16489051,0.10046567,-0.08665337,-0.29645166,-0.21246865,-0.58588684,0.6958055,0.11080144,-0.35334715,0.6812593,-0.01741701,-0.06463528,0.67989445,-0.007276796,0.22545831,0.6399069,-0.012675075,0.343086,0.39028454,-0.07320185,0.24466363,0.3934366,0.15962036,0.066963896,0.70459676,0.015381584,-0.018616758,0.88711804,0.061987653,-0.08741834,0.74718946,0.06561765,-0.074042,0.79654783,0.09928964,-0.076936826,0.79911363,0.032756984,0.023520917,0.8202748,0.13181305,0.009754482,0.8286361,-0.012513436,0.008135087788105011,0.24880450963974,-0.0441959947347641
